product_id,product_name_category,price,discount,expiry_date,stock,ratings,discounted amount
P1000,Shoes-Footwear,,not applicable,12-Jan-26,available,two,
P1001,Soap-Hygiene,100rs,10% off,12-Jan-26,not available,5*,
P1002,Chair-Furniture,1200rs,not applicable,not applicable,not available,two,
P1003,Watch--Accessories,5$,flat 1000,04-Dec-27,available,two,
P1004,TV--Electronics,999rs+12%gst,not applicable,12-Jan-26,available,two,
P1005,Soap-Hygiene,100rs,not applicable,not applicable,available,two,
P1006,Watch--Accessories,5$,upto 30%,not applicable,available,two,
P1007,Rice-Grocery,1200rs,not applicable,04-Dec-27,not available,4 star,
P1008,Laptop--Electronics,100rs,not applicable,12-Jan-26,not available,three,
P1009,Laptop--Electronics,999rs+12%gst,upto 30%,12-Jan-26,available,two,
P1010,Chair-Furniture,1200rs,not applicable,not applicable,not available,3 star,
P1011,Shampoo-Hygiene,500rs+5%gst,10% off,not applicable,available,two,
P1012,TV--Electronics,5$,upto 30%,04-Dec-27,available,5*,
P1013,Shampoo-Hygiene,500rs+5%gst,not applicable,12-Jan-26,not available,5*,
P1014,Soap-Hygiene,1200rs,upto 30%,12-Jan-26,available,3 star,
P1015,Soap-Hygiene,500rs+5%gst,10% off,12-Jan-26,not available,two,
P1016,Watch--Accessories,1200rs,not applicable,12-Jan-26,available,4 star,
P1017,Chair-Furniture,5$,10% off,not applicable,available,4 star,
P1018,Mobile-Electronics,5$,not applicable,not applicable,available,3 star,
P1019,TV--Electronics,5$,not applicable,not applicable,available,two,
P1020,Shampoo-Hygiene,500rs+5%gst,flat 1000,12-Jan-26,available,two,
P1021,Shoes-Footwear,100rs,not applicable,04-Dec-27,not available,three,
P1022,Watch--Accessories,100rs,upto 30%,12-Jan-26,available,three,
P1023,Soap-Hygiene,500rs+5%gst,not applicable,12-Jan-26,not available,three,
P1024,Chair-Furniture,1200rs,10% off,12-Jan-26,available,3 star,
P1025,Mobile-Electronics,100rs,not applicable,04-Dec-27,not available,two,
P1026,Shoes-Footwear,5$,flat 1000,not applicable,not available,3 star,
P1027,Soap-Hygiene,1200rs,10% off,12-Jan-26,available,three,
P1028,Rice-Grocery,100rs,not applicable,not applicable,not available,5*,
P1029,Rice-Grocery,999rs+12%gst,upto 30%,04-Dec-27,available,three,
P1030,Shoes-Footwear,999rs+12%gst,10% off,not applicable,available,three,
P1031,TV--Electronics,100rs,flat 1000,04-Dec-27,not available,5*,
P1032,Laptop--Electronics,5$,flat 1000,04-Dec-27,available,4 star,
P1033,Rice-Grocery,5$,flat 1000,12-Jan-26,not available,two,
P1034,Mobile-Electronics,500rs+5%gst,upto 30%,not applicable,not available,3 star,
P1035,Shoes-Footwear,1200rs,upto 30%,12-Jan-26,available,3 star,
P1036,TV--Electronics,999rs+12%gst,flat 1000,12-Jan-26,available,4 star,
P1037,Shoes-Footwear,5$,not applicable,not applicable,not available,5*,
P1038,Shoes-Footwear,1200rs,10% off,12-Jan-26,not available,4 star,
P1039,Laptop--Electronics,5$,flat 1000,12-Jan-26,available,three,
P1040,Watch--Accessories,100rs,upto 30%,not applicable,not available,two,
P1041,TV--Electronics,500rs+5%gst,flat 1000,not applicable,available,three,
P1042,Mobile-Electronics,500rs+5%gst,not applicable,04-Dec-27,available,two,
P1043,Chair-Furniture,500rs+5%gst,10% off,04-Dec-27,not available,3 star,
P1044,TV--Electronics,5$,10% off,not applicable,available,4 star,
P1045,Mobile-Electronics,1200rs,upto 30%,12-Jan-26,available,5*,
P1046,TV--Electronics,100rs,not applicable,04-Dec-27,not available,5*,
P1047,Laptop--Electronics,999rs+12%gst,flat 1000,not applicable,not available,4 star,
P1048,Shoes-Footwear,500rs+5%gst,10% off,04-Dec-27,not available,3 star,
P1049,Shoes-Footwear,1200rs,not applicable,04-Dec-27,available,4 star,
P1050,TV--Electronics,100rs,not applicable,12-Jan-26,available,4 star,
P1051,Chair-Furniture,5$,flat 1000,04-Dec-27,available,three,
P1052,Rice-Grocery,500rs+5%gst,not applicable,04-Dec-27,not available,3 star,
P1053,Soap-Hygiene,100rs,10% off,not applicable,not available,5*,
P1054,Laptop--Electronics,1200rs,not applicable,not applicable,not available,two,
P1055,Shampoo-Hygiene,999rs+12%gst,upto 30%,12-Jan-26,not available,three,
P1056,Shoes-Footwear,500rs+5%gst,not applicable,04-Dec-27,available,5*,
P1057,Soap-Hygiene,100rs,upto 30%,04-Dec-27,not available,two,
P1058,Rice-Grocery,500rs+5%gst,10% off,12-Jan-26,not available,three,
P1059,Watch--Accessories,500rs+5%gst,flat 1000,04-Dec-27,not available,two,
P1060,Mobile-Electronics,100rs,upto 30%,not applicable,not available,two,
P1061,Soap-Hygiene,500rs+5%gst,flat 1000,04-Dec-27,available,3 star,
P1062,Laptop--Electronics,1200rs,not applicable,04-Dec-27,available,three,
P1063,Chair-Furniture,1200rs,upto 30%,12-Jan-26,not available,4 star,
P1064,Rice-Grocery,999rs+12%gst,10% off,04-Dec-27,not available,5*,
P1065,Shoes-Footwear,500rs+5%gst,upto 30%,04-Dec-27,not available,3 star,
P1066,Rice-Grocery,500rs+5%gst,not applicable,12-Jan-26,not available,5*,
P1067,Soap-Hygiene,5$,not applicable,04-Dec-27,available,three,
P1068,Watch--Accessories,100rs,not applicable,12-Jan-26,not available,three,
P1069,Soap-Hygiene,100rs,not applicable,not applicable,available,3 star,
P1070,Mobile-Electronics,500rs+5%gst,10% off,04-Dec-27,not available,two,
P1071,Soap-Hygiene,500rs+5%gst,10% off,12-Jan-26,not available,three,
P1072,TV--Electronics,1200rs,flat 1000,not applicable,available,3 star,
P1073,Chair-Furniture,1200rs,10% off,04-Dec-27,available,three,
P1074,Chair-Furniture,100rs,not applicable,12-Jan-26,not available,5*,
P1075,TV--Electronics,100rs,10% off,04-Dec-27,not available,three,
P1076,Watch--Accessories,1200rs,upto 30%,04-Dec-27,available,4 star,
P1077,Soap-Hygiene,500rs+5%gst,10% off,12-Jan-26,not available,three,
P1078,Watch--Accessories,500rs+5%gst,flat 1000,12-Jan-26,available,4 star,
P1079,Mobile-Electronics,100rs,not applicable,not applicable,not available,two,
P1080,Shampoo-Hygiene,100rs,10% off,12-Jan-26,not available,two,
P1081,Watch--Accessories,999rs+12%gst,10% off,04-Dec-27,not available,3 star,
P1082,Soap-Hygiene,1200rs,flat 1000,not applicable,available,two,
P1083,Mobile-Electronics,999rs+12%gst,upto 30%,12-Jan-26,available,3 star,
P1084,TV--Electronics,1200rs,flat 1000,not applicable,available,3 star,
P1085,Soap-Hygiene,5$,not applicable,12-Jan-26,not available,5*,
P1086,Shampoo-Hygiene,999rs+12%gst,flat 1000,04-Dec-27,available,3 star,
P1087,Laptop--Electronics,500rs+5%gst,upto 30%,12-Jan-26,available,3 star,
P1088,TV--Electronics,999rs+12%gst,not applicable,04-Dec-27,available,two,
P1089,Soap-Hygiene,999rs+12%gst,upto 30%,12-Jan-26,not available,two,
P1090,Shoes-Footwear,5$,flat 1000,not applicable,available,3 star,
P1091,TV--Electronics,999rs+12%gst,flat 1000,not applicable,not available,3 star,
P1092,Shampoo-Hygiene,999rs+12%gst,not applicable,12-Jan-26,not available,3 star,
P1093,Mobile-Electronics,5$,upto 30%,not applicable,available,3 star,
P1094,Laptop--Electronics,5$,flat 1000,not applicable,not available,three,
P1095,TV--Electronics,100rs,not applicable,12-Jan-26,available,3 star,
P1096,Shampoo-Hygiene,1200rs,flat 1000,not applicable,not available,4 star,
P1097,Soap-Hygiene,500rs+5%gst,not applicable,04-Dec-27,available,4 star,
P1098,Shampoo-Hygiene,1200rs,upto 30%,04-Dec-27,available,two,
P1099,Shampoo-Hygiene,500rs+5%gst,flat 1000,not applicable,not available,5*,
P1006,Watch--Accessories,5$,upto 30%,not applicable,available,two,
P1021,Shoes-Footwear,100rs,not applicable,04-Dec-27,not available,three,
P1059,Watch--Accessories,500rs+5%gst,flat 1000,04-Dec-27,not available,two,
P1051,Chair-Furniture,5$,flat 1000,04-Dec-27,available,three,
P1060,Mobile-Electronics,100rs,upto 30%,not applicable,not available,two,
P1038,Shoes-Footwear,1200rs,10% off,12-Jan-26,not available,4 star,
P1095,TV--Electronics,100rs,not applicable,12-Jan-26,available,3 star,
P1096,Shampoo-Hygiene,1200rs,flat 1000,not applicable,not available,4 star,
P1068,Watch--Accessories,100rs,not applicable,12-Jan-26,not available,three,
P1029,Rice-Grocery,999rs+12%gst,upto 30%,04-Dec-27,available,three,
